# SCORE, ['threshold', 'gamma', 'SPV', 'leak', 'beta']
378861.45211   0.86766   0.70194   0.80338   0.09543   0.87298