# SCORE, ['threshold', 'gamma', 'SPV', 'leak', 'beta']
367073.63540   0.16227   0.33599   0.12689   3.99943   4.73876