# SCORE, ['threshold', 'gamma', 'SPV', 'leak', 'beta']
366303.18877   0.16143   0.34843   0.12461   3.98266   4.88487
  84.52556   0.00088   0.00319   0.00150   0.01287   0.05215
