# SCORE, ['threshold', 'gamma', 'SPV', 'leak', 'beta']
382325.49233   0.04625   4.73722   0.00376   1.68553  17.02599
  62.83108   0.00026   0.07086   0.00005   0.02989   0.16991
