# SCORE, ['threshold', 'gamma', 'SPV', 'leak', 'beta']
381276.25927   0.21600   0.57000   0.12000   1.11300   1.23400