# SCORE, ['threshold', 'gamma', 'SPV', 'leak', 'beta']
381242.05371   0.21563   0.56901   0.11953   1.11652   1.24358
   8.73239   0.00041   0.00319   0.00071   0.01364   0.01530
