# SCORE, ['threshold', 'gamma', 'SPV', 'driftVar']
367654.33339   0.14800   0.32100   0.04400   0.07400