# SCORE, ['threshold', 'gamma', 'SPV', 'driftVar']
367653.70904   0.14819   0.32422   0.04475   0.07414
  11.57943   0.00016   0.00319   0.00083   0.00084
