# SCORE, ['threshold', 'gamma', 'SPV', 'driftVar']
390955.98541   0.04973   0.12765   0.01022   0.02223