# SCORE, ['threshold', 'gamma', 'SPV', 'leak', 'beta']
391480.43884   0.38664   0.71039   0.35826   0.01158   1.72908