# SCORE, ['threshold', 'gamma', 'SPV', 'leak', 'beta']
391003.52885   0.38418   0.72000   0.36178   0.01172   1.75067
  58.74982   0.00075   0.00481   0.00157   0.00017   0.01696
