# SCORE, ['threshold', 'gamma', 'SPV', 'leak', 'beta']
385200.71133   0.20855   0.45789   0.05979   0.02853   1.89256
  34.36884   0.00127   0.00776   0.00114   0.00058   0.01132
