# SCORE, ['threshold', 'gamma', 'SPV', 'leak', 'beta']
371369.24736   0.19874   0.40890   0.14663   2.52822   3.46261
 113.48336   0.00132   0.00570   0.00222   0.03310   0.04591
