# SCORE, ['threshold', 'gamma', 'SPV', 'driftVar']
391328.75561   0.08499   0.08146   0.00009   0.09228