# SCORE, ['threshold', 'gamma', 'SPV', 'driftVar']
391199.09527   0.08499   0.08282   0.00009   0.09381
  75.38313   0.00000   0.00192   0.00000   0.00217
