# SCORE, ['threshold', 'gamma', 'SPV', 'driftVar']
391282.39163   0.08891   0.05738   0.02628   0.01891
 123.54643   0.00083   0.00127   0.00018   0.00013
