# SCORE, ['threshold', 'gamma', 'SPV', 'driftVar']
391245.18581   0.08464   0.08308   0.00009   0.09333
  49.03987   0.00079   0.00182   0.00000   0.00171
