# SCORE, ['threshold', 'gamma', 'SPV', 'driftVar']
393447.80774   0.08732   0.06989   0.05008   0.00019
 133.51104   0.00000   0.00162   0.00122   0.00000
