# SCORE, ['threshold', 'gamma', 'SPV', 'leak', 'beta']
376899.96697   0.42600   0.38800   0.16200   0.57400   1.83400