# SCORE, ['threshold', 'gamma', 'SPV', 'leak', 'beta']
376895.34702   0.42604   0.39156   0.16228   0.57758   1.84654
   9.90097   0.00079   0.00282   0.00040   0.00255   0.02311
