# SCORE, ['threshold', 'gamma', 'SPV', 'driftVar']
392184.29035   0.04935   0.07033   0.00103   0.07072