# SCORE, ['threshold', 'gamma', 'SPV', 'driftVar']
392087.82695   0.04976   0.07164   0.00103   0.07087
 105.76341   0.00058   0.00156   0.00000   0.00021
