# SCORE, ['threshold', 'gamma', 'SPV', 'driftVar']
367562.21722   0.09780   0.38285   0.02265   0.01779
  17.86464   0.00025   0.00455   0.00047   0.00031
