# SCORE, ['threshold', 'gamma', 'SPV', 'leak', 'beta']
390308.68699   0.02920   5.27374   0.02224   0.00172   0.62764
  32.39309   0.00012   0.09925   0.00020   0.00003   0.00824
