# SCORE, ['threshold', 'gamma', 'SPV', 'driftVar']
392763.58356   0.07754   0.15456   0.04398   0.13609
  90.72247   0.00045   0.00216   0.00049   0.00289
