# SCORE, ['threshold', 'gamma', 'SPV', 'leak', 'beta']
381357.78007   0.20199   0.60666   0.10047   1.04418   1.50123