# SCORE, ['threshold', 'gamma', 'SPV', 'leak', 'beta']
381309.07230   0.20143   0.60490   0.10111   1.05291   1.52183
  15.87354   0.00066   0.00430   0.00043   0.00727   0.00756
