# SCORE, ['threshold', 'gamma', 'SPV', 'leak', 'beta']
370436.51406   0.24184   0.18819   0.14405   2.66228   3.04782