# SCORE, ['threshold', 'gamma', 'SPV', 'leak', 'beta']
370087.81711   0.24130   0.19323   0.14375   2.64545   3.13120
  40.83662   0.00147   0.00379   0.00195   0.01837   0.02839
