# SCORE, ['threshold', 'gamma', 'SPV', 'leak', 'beta']
385091.59948   0.20800   0.39300   0.06900   0.74200   1.39400