# SCORE, ['threshold', 'gamma', 'SPV', 'leak', 'beta']
385111.72690   0.20808   0.39288   0.06919   0.75073   1.40053
   8.76248   0.00026   0.00270   0.00024   0.00590   0.01281
