# SCORE, ['threshold', 'gamma', 'SPV', 'leak', 'beta']
390650.43063   0.26549   0.23242   0.24295   1.21173   2.95001