# SCORE, ['threshold', 'gamma', 'SPV', 'leak', 'beta']
389904.33509   0.19907   0.61037   0.17692   0.00500   4.58596