# SCORE, ['threshold', 'gamma', 'SPV', 'leak', 'beta']
389770.19166   0.19926   0.61342   0.17860   0.00509   4.56643
  27.70297   0.00068   0.01055   0.00084   0.00006   0.08453
