# SCORE, ['threshold', 'gamma', 'SPV', 'driftVar']
391714.94639   0.03807   0.03267   0.01495   0.02251
  80.03201   0.00000   0.00075   0.00000   0.00000
