# SCORE, ['threshold', 'gamma', 'SPV', 'driftVar']
361783.21177   0.10900   0.59500   0.04800   0.05500