# SCORE, ['threshold', 'gamma', 'SPV', 'driftVar']
361748.90120   0.11060   0.60723   0.04859   0.05460
  17.72502   0.00020   0.01226   0.00078   0.00156
