# SCORE, ['threshold', 'gamma', 'SPV', 'driftVar']
395535.52632   0.34457   0.94826   0.00879   0.32068
 178.72750   0.00658   0.01065   0.00019   0.00370
