# SCORE, ['threshold', 'gamma', 'SPV', 'driftVar']
393431.75001   0.08682   0.07047   0.04962   0.00019
 132.27977   0.00081   0.00186   0.00090   0.00000
