# SCORE, ['threshold', 'gamma', 'SPV', 'driftVar']
391709.56092   0.10360   0.11552   0.05804   0.09524