# SCORE, ['threshold', 'gamma', 'SPV', 'driftVar']
395022.37338   0.10500   0.29562   0.07159   0.22913