# SCORE, ['threshold', 'gamma', 'SPV', 'driftVar']
396032.13974   0.34372   0.93702   0.00861   0.31780