# SCORE, ['threshold', 'gamma', 'SPV', 'driftVar']
379680.31898   0.13025   0.12813   0.04491   0.03147
  87.35672   0.00061   0.00157   0.00127   0.00125
