# SCORE, ['threshold', 'gamma', 'SPV', 'leak', 'beta']
378616.41233   0.86858   0.71111   0.80487   0.09815   0.85348
  60.98546   0.00477   0.00708   0.00468   0.00149   0.01269
