# SCORE, ['threshold', 'gamma', 'SPV', 'leak', 'beta']
366222.07975   0.16105   0.34803   0.12496   3.99367   4.86112
 215.95380   0.00088   0.00823   0.00151   0.02231   0.07279
