# SCORE, ['threshold', 'gamma', 'SPV', 'leak', 'beta']
389703.03979   0.05074   7.33497   0.01254   0.10131  25.42100
  33.25219   0.00016   0.15651   0.00033   0.00180   0.59075
