# SCORE, ['threshold', 'gamma', 'SPV', 'leak', 'beta']
390374.81949   0.02929   5.14830   0.02218   0.00170   0.61278