# SCORE, ['threshold', 'gamma', 'SPV', 'leak', 'beta']
390247.40016   0.29488   0.21065   0.25053   0.00898   4.18876