# SCORE, ['threshold', 'gamma', 'SPV', 'leak', 'beta']
391075.02154   0.08683   0.07057   0.07453   6.22939   9.76360