# SCORE, ['threshold', 'gamma', 'SPV', 'leak', 'beta']
390948.72223   0.08661   0.07206   0.07470   6.19888   9.88946
  83.38481   0.00017   0.00063   0.00038   0.04368   0.08074
