# SCORE, ['threshold', 'gamma', 'SPV', 'leak', 'beta']
390975.04906   0.04150   6.52390   0.00337   8.15267   0.49434
  81.65719   0.00014   0.07468   0.00003   0.04209   0.00632
