# SCORE, ['threshold', 'gamma', 'SPV', 'driftVar']
432399.80262   0.08107   0.51172   0.00245   0.15916