# SCORE, ['threshold', 'gamma', 'SPV', 'driftVar']
432224.69221   0.07945   0.52046   0.00250   0.16161
 358.19290   0.00246   0.00562   0.00004   0.00171
