# SCORE, ['threshold', 'gamma', 'SPV', 'leak', 'beta']
391215.37016   0.04171   6.49437   0.00331   8.13390   0.48276