# SCORE, ['threshold', 'gamma', 'SPV', 'leak', 'beta']
390993.71134   0.04146   6.50389   0.00335   8.17520   0.49314
  70.07611   0.00010   0.09793   0.00004   0.06297   0.00654
