# SCORE, ['threshold', 'gamma', 'SPV', 'leak', 'beta']
390235.08703   0.26413   0.23881   0.24270   1.19068   2.90943
  50.05720   0.00071   0.00398   0.00085   0.01986   0.06988
