# SCORE, ['threshold', 'gamma', 'SPV', 'leak', 'beta']
372313.37868   0.39494   0.73023   0.15743   0.00353   1.20518
  15.71896   0.00045   0.00274   0.00107   0.00003   0.00926
