# SCORE, ['threshold', 'gamma', 'SPV', 'leak', 'beta']
380719.89250   0.41105   0.47638   0.37323   0.68342   1.88691
  56.87715   0.00332   0.01892   0.00152   0.02309   0.02880
