# SCORE, ['threshold', 'gamma', 'SPV', 'driftVar']
431790.98646   0.08049   0.51427   0.00248   0.16204
 296.82161   0.00153   0.00435   0.00005   0.00331
