# SCORE, ['threshold', 'gamma', 'SPV', 'driftVar']
390243.35489   0.07971   0.10697   0.03147   0.04320
  51.39585   0.00074   0.00206   0.00073   0.00048
