# SCORE, ['threshold', 'gamma', 'SPV', 'leak', 'beta']
389490.77055   0.71107   0.36280   0.65886   0.00564   1.21199
  43.44188   0.00105   0.00590   0.00133   0.00007   0.01269
