# SCORE, ['threshold', 'gamma', 'SPV', 'leak', 'beta']
382861.05271   0.04669   4.65074   0.00364   1.68507  16.97268