# SCORE, ['threshold', 'gamma', 'SPV', 'leak', 'beta']
382261.25241   0.04632   4.77656   0.00366   1.68966  17.18106
 103.80932   0.00032   0.09320   0.00007   0.01710   0.24442
