# SCORE, ['threshold', 'gamma', 'SPV', 'driftVar']
367796.18963   0.13649   0.28274   0.00050   0.05479