# SCORE, ['threshold', 'gamma', 'SPV', 'leak', 'beta']
390144.90152   0.74656   0.33346   0.71617   0.05960   1.19858