# SCORE, ['threshold', 'gamma', 'SPV', 'leak', 'beta']
389968.20128   0.74698   0.34023   0.71460   0.06077   1.18642
  62.45493   0.00205   0.00906   0.00088   0.00093   0.01627
