# SCORE, ['threshold', 'gamma', 'SPV', 'driftVar']
391214.62736   0.02779   0.00648   0.01990   0.12065