# SCORE, ['threshold', 'gamma', 'SPV', 'driftVar']
391038.59260   0.02772   0.00659   0.01987   0.12432
  55.44918   0.00013   0.00012   0.00028   0.00253
