# SCORE, ['threshold', 'gamma', 'SPV', 'driftVar']
377412.04465   0.10600   0.31100   0.04400   0.06500