# SCORE, ['threshold', 'gamma', 'SPV', 'driftVar']
377392.62338   0.10686   0.31539   0.04403   0.06579
  11.42576   0.00031   0.00566   0.00091   0.00083
