# SCORE, ['threshold', 'gamma', 'SPV', 'driftVar']
473999.95163   0.06745   0.18436   0.00441   0.14057
 566.43736   0.00197   0.00472   0.00007   0.00334
