# SCORE, ['threshold', 'gamma', 'SPV', 'leak', 'beta']
370099.51027   0.24151   0.19165   0.14310   2.65258   3.14700
  55.08091   0.00132   0.00210   0.00366   0.02196   0.02899
