# SCORE, ['threshold', 'gamma', 'SPV', 'leak', 'beta']
377336.14856   0.42100   0.38500   0.13700   1.01000   0.22600