# SCORE, ['threshold', 'gamma', 'SPV', 'leak', 'beta']
377335.02099   0.42066   0.38461   0.13658   1.01064   0.23182
  12.52870   0.00064   0.00202   0.00122   0.00364   0.00332
