# SCORE, ['threshold', 'gamma', 'SPV', 'driftVar']
395551.20833   0.34412   0.94839   0.00874   0.32060
 101.38543   0.00238   0.02484   0.00013   0.00543
