# SCORE, ['threshold', 'gamma', 'SPV', 'driftVar']
391739.91888   0.03807   0.03241   0.01520   0.02251
  65.50738   0.00000   0.00079   0.00035   0.00000
