# SCORE, ['threshold', 'gamma', 'SPV', 'driftVar']
392734.68335   0.07722   0.15359   0.04410   0.13399
  81.10779   0.00035   0.00387   0.00057   0.00340
