# SCORE, ['threshold', 'gamma', 'SPV', 'driftVar']
390811.12108   0.05021   0.12948   0.01017   0.02244
  48.94152   0.00024   0.00383   0.00032   0.00045
