# SCORE, ['threshold', 'gamma', 'SPV', 'leak', 'beta']
390058.33576   0.29460   0.21557   0.25089   0.00938   4.06436
  16.54781   0.00065   0.00389   0.00069   0.00009   0.07983
