# SCORE, ['threshold', 'gamma', 'SPV', 'leak', 'beta']
380799.84679   0.41129   0.48408   0.37411   0.67751   1.86449
  48.17069   0.00174   0.00579   0.00154   0.01066   0.02332
