# SCORE, ['threshold', 'gamma', 'SPV', 'leak', 'beta']
392473.57873   0.13185   0.00171   0.12574   0.78827  10.33048