# SCORE, ['threshold', 'gamma', 'SPV', 'leak', 'beta']
392257.03296   0.13193   0.00174   0.12588   0.80015  10.33764
 117.73125   0.00048   0.00002   0.00027   0.01213   0.19540
