# SCORE, ['threshold', 'gamma', 'SPV', 'driftVar']
367238.23956   0.10300   0.51300   0.02800   0.06200