# SCORE, ['threshold', 'gamma', 'SPV', 'driftVar']
367224.97422   0.10399   0.51539   0.02844   0.06202
  11.73213   0.00023   0.00677   0.00046   0.00130
