# SCORE, ['threshold', 'gamma', 'SPV', 'leak', 'beta']
390052.04121   0.16574   0.41914   0.14596   1.16498   5.62308
  65.42740   0.00103   0.00685   0.00133   0.00901   0.13874
