# SCORE, ['threshold', 'gamma', 'SPV', 'driftVar']
379923.78880   0.13134   0.12463   0.04422   0.03190