# SCORE, ['threshold', 'gamma', 'SPV', 'driftVar']
391325.28252   0.08928   0.05581   0.02620   0.01885