# SCORE, ['threshold', 'gamma', 'SPV', 'driftVar']
391312.17931   0.08872   0.05816   0.02643   0.01878
 115.85399   0.00085   0.00067   0.00035   0.00034
