# SCORE, ['threshold', 'gamma', 'SPV', 'leak', 'beta']
389849.23270   0.70939   0.35613   0.65980   0.00557   1.20518