# SCORE, ['threshold', 'gamma', 'SPV', 'driftVar']
391344.62518   0.08928   0.05720   0.02642   0.01885
 102.65262   0.00000   0.00140   0.00049   0.00000
