# SCORE, ['threshold', 'gamma', 'SPV', 'driftVar']
495374.05647   0.10230   0.26025   0.00614   0.04263
 656.25721   0.00156   0.00591   0.00010   0.00082
