# SCORE, ['threshold', 'gamma', 'SPV', 'driftVar']
367604.30224   0.09804   0.37308   0.02253   0.01770