# SCORE, ['threshold', 'gamma', 'SPV', 'leak', 'beta']
389884.44030   0.54410   0.25871   0.49347   0.28099   1.68271