# SCORE, ['threshold', 'gamma', 'SPV', 'beta']
379694.59345   0.10103   0.20632   0.03390   8.54191