# SCORE, ['threshold', 'gamma', 'SPV', 'beta']
379063.27125   0.10142   0.20847   0.03446   8.61766
  65.81821   0.00022   0.00347   0.00049   0.03801
