# SCORE, ['threshold', 'gamma', 'SPV', 'driftVar']
394793.07255   0.10430   0.30028   0.07155   0.23288
 180.79976   0.00060   0.00560   0.00107   0.00434
