# SCORE, ['threshold', 'gamma', 'SPV', 'leak', 'beta']
389786.29372   0.54447   0.26319   0.49366   0.28564   1.66429
  39.11447   0.00187   0.00228   0.00113   0.00317   0.03929
