# SCORE, ['threshold', 'gamma', 'SPV', 'driftVar']
393554.32040   0.08732   0.06874   0.04885   0.00019