# SCORE, ['threshold', 'gamma', 'SPV', 'driftVar']
393420.34699   0.08695   0.07010   0.04901   0.00020
 110.75251   0.00081   0.00154   0.00034   0.00000
