# SCORE, ['threshold', 'gamma', 'SPV', 'leak', 'beta']
381930.26334   0.40729   0.47242   0.38094   0.70446   1.79241