# SCORE, ['threshold', 'gamma', 'SPV', 'driftVar']
390299.35225   0.08027   0.10381   0.03117   0.04306