# SCORE, ['threshold', 'gamma', 'SPV', 'driftVar']
390675.31796   0.08801   0.08268   0.02684   0.04018