# SCORE, ['threshold', 'gamma', 'SPV', 'driftVar']
390716.92461   0.08801   0.08268   0.02729   0.04118
  53.67193   0.00000   0.00000   0.00063   0.00100
