# SCORE, ['threshold', 'gamma', 'SPV', 'beta']
378269.28626   0.06965   0.34637   0.03975  12.14033