# SCORE, ['threshold', 'gamma', 'SPV', 'beta']
377991.77004   0.06937   0.34640   0.04055  12.17585
 102.51629   0.00035   0.00444   0.00060   0.11805
