# SCORE, ['threshold', 'gamma', 'SPV', 'driftVar']
390716.56923   0.08801   0.08337   0.02751   0.04051
  92.58561   0.00000   0.00154   0.00067   0.00075
