# SCORE, ['threshold', 'gamma', 'SPV', 'driftVar']
361750.38568   0.10918   0.58348   0.04611   0.04765
  11.18473   0.00044   0.01306   0.00092   0.00122
