# SCORE, ['threshold', 'gamma', 'SPV', 'leak', 'beta']
389980.50440   0.74747   0.33936   0.71486   0.06117   1.18689
  63.03572   0.00159   0.00955   0.00100   0.00094   0.01675
