# SCORE, ['threshold', 'gamma', 'SPV', 'leak', 'beta']
372254.21414   0.19996   0.40899   0.14298   2.53893   3.36503