# SCORE, ['threshold', 'gamma', 'SPV', 'leak', 'beta']
371411.01965   0.19807   0.41214   0.14593   2.52407   3.47586
 122.12001   0.00121   0.00247   0.00327   0.02207   0.06538
