# SCORE, ['threshold', 'gamma', 'SPV', 'driftVar']
391496.79403   0.10522   0.11741   0.05694   0.09839
  88.18015   0.00117   0.00180   0.00136   0.00151
