# SCORE, ['threshold', 'gamma', 'SPV', 'driftVar']
391696.28137   0.03807   0.03162   0.01495   0.02251