# SCORE, ['threshold', 'gamma', 'SPV', 'driftVar']
391688.46927   0.03807   0.03214   0.01508   0.02269
  47.62558   0.00000   0.00075   0.00028   0.00042
