# SCORE, ['threshold', 'gamma', 'SPV', 'driftVar']
390804.64090   0.05011   0.12888   0.01034   0.02233
  41.31311   0.00029   0.00379   0.00031   0.00042
