# SCORE, ['threshold', 'gamma', 'SPV', 'leak', 'beta']
372305.11969   0.39402   0.73272   0.15632   0.00354   1.20306
  22.62600   0.00208   0.00618   0.00120   0.00003   0.00928
