# SCORE, ['threshold', 'gamma', 'SPV', 'driftVar']
391188.34932   0.08499   0.08350   0.00009   0.09381
  70.85515   0.00000   0.00204   0.00000   0.00217
