# SCORE, ['threshold', 'gamma', 'SPV', 'driftVar']
496834.84672   0.10178   0.25587   0.00609   0.04283