# SCORE, ['threshold', 'gamma', 'SPV', 'leak', 'beta']
389816.04007   0.05064   7.36454   0.01232   0.09942  25.29662