# SCORE, ['threshold', 'gamma', 'SPV', 'beta']
369732.05233   0.13605   0.19451   0.03273   6.39595