# SCORE, ['threshold', 'gamma', 'SPV', 'beta']
369549.15093   0.13550   0.19494   0.03366   6.43354
  52.42412   0.00057   0.00398   0.00072   0.05125
