# SCORE, ['threshold', 'gamma', 'SPV', 'leak', 'beta']
390964.31194   0.38460   0.72198   0.36212   0.01165   1.75433
  71.49499   0.00074   0.01060   0.00119   0.00021   0.00819
