# SCORE, ['threshold', 'gamma', 'SPV', 'driftVar']
391892.20529   0.06085   0.01292   0.00314   0.13787