# SCORE, ['threshold', 'gamma', 'SPV', 'driftVar']
391621.45367   0.06120   0.01306   0.00320   0.13931
  62.57191   0.00042   0.00025   0.00006   0.00290
