# SCORE, ['threshold', 'gamma', 'SPV', 'leak', 'beta']
392267.67200   0.13170   0.00175   0.12552   0.81004  10.17872
  61.14910   0.00039   0.00001   0.00028   0.01599   0.16379
