# SCORE, ['threshold', 'gamma', 'SPV', 'leak', 'beta']
390359.00825   0.06282   6.27054   0.00014   0.22858   3.25581