# SCORE, ['threshold', 'gamma', 'SPV', 'leak', 'beta']
390008.04233   0.06160   6.56245   0.00014   0.22972   3.21861
  64.94150   0.00032   0.14018   0.00000   0.00934   0.15837
