# SCORE, ['threshold', 'gamma', 'SPV', 'driftVar', 'noiseCoeff', 'decay']
389498.78527   0.30420   0.26205   0.00003   0.01885   0.09937  -0.45781
  16.28898   0.00056   0.00405   0.00000   0.00031   0.00033   0.00647
