# SCORE, ['threshold', 'gamma', 'SPV', 'driftVar']
361845.32911   0.10784   0.60658   0.04402   0.04705