# SCORE, ['threshold', 'gamma', 'SPV', 'leak', 'beta']
372405.33541   0.39551   0.72684   0.15729   0.00347   1.18186