# SCORE, ['threshold', 'gamma', 'SPV', 'leak', 'beta']
382340.30832   0.04634   4.72706   0.00370   1.69001  17.17130
 109.33632   0.00030   0.06665   0.00008   0.04003   0.22867
