# SCORE, ['threshold', 'gamma', 'SPV', 'leak', 'beta']
366297.80658   0.16089   0.34860   0.12525   3.99814   4.90019
  84.31617   0.00131   0.00403   0.00096   0.02553   0.05872
