# SCORE, ['threshold', 'gamma', 'SPV', 'leak', 'beta']
390073.72375   0.16643   0.40847   0.14567   1.14424   5.75129