# SCORE, ['threshold', 'gamma', 'SPV', 'driftVar']
392104.67427   0.04935   0.07091   0.00104   0.07249
 119.67834   0.00000   0.00131   0.00002   0.00177
