# SCORE, ['threshold', 'gamma', 'SPV', 'driftVar']
367760.61475   0.13720   0.28069   0.00051   0.05588
  14.91813   0.00059   0.00723   0.00003   0.00074
