# SCORE, ['threshold', 'gamma', 'SPV', 'leak', 'beta']
377019.04678   0.42576   0.42314   0.15770   0.54597   1.85797