# SCORE, ['threshold', 'gamma', 'SPV', 'leak', 'beta']
385315.69648   0.20708   0.47096   0.05864   0.02783   1.89106