# SCORE, ['threshold', 'gamma', 'SPV', 'beta']
366318.11046   0.11418   0.32812   0.07366   6.64292