# SCORE, ['threshold', 'gamma', 'SPV', 'beta']
365842.81069   0.11518   0.33920   0.07339   6.56291
  81.20537   0.00065   0.00497   0.00238   0.05630
