# SCORE, ['threshold', 'gamma', 'SPV', 'driftVar']
391462.68468   0.03343   0.01345   0.01915   0.05537
  69.12886   0.00000   0.00025   0.00047   0.00000
