# SCORE, ['threshold', 'gamma', 'SPV', 'driftVar']
394684.55174   0.10435   0.30170   0.07153   0.23338
 168.48507   0.00055   0.00551   0.00132   0.00342
