# SCORE, ['threshold', 'gamma', 'SPV', 'leak', 'beta']
376931.99203   0.42622   0.42562   0.16389   0.54756   1.84105
  15.06358   0.00225   0.00568   0.00265   0.00764   0.01764
