# SCORE, ['threshold', 'gamma', 'SPV', 'driftVar']
475099.17399   0.06700   0.18562   0.00436   0.13905