# SCORE, ['threshold', 'gamma', 'SPV', 'driftVar']
391594.61342   0.03343   0.01333   0.01868   0.05537