# SCORE, ['threshold', 'gamma', 'SPV', 'driftVar']
391435.47414   0.03343   0.01345   0.01900   0.05583
  83.15302   0.00000   0.00025   0.00044   0.00103
