# SCORE, ['threshold', 'gamma', 'SPV', 'leak', 'beta']
379474.63392   0.43717   0.42304   0.04977   0.00518   1.07384