# SCORE, ['threshold', 'gamma', 'SPV', 'leak', 'beta']
379181.95788   0.43462   0.42591   0.05092   0.00524   1.09052
 109.30543   0.00210   0.00295   0.00115   0.00016   0.01838
