# SCORE, ['threshold', 'gamma', 'SPV', 'driftVar']
374852.05299   0.07469   0.46969   0.02886   0.01548