# SCORE, ['threshold', 'gamma', 'SPV', 'beta']
370995.12123   0.10791   0.29055   0.05140   7.40398