# SCORE, ['threshold', 'gamma', 'SPV', 'beta']
370623.59742   0.10673   0.29626   0.05212   7.40896
  99.70721   0.00079   0.00367   0.00108   0.05632
