# SCORE, ['threshold', 'gamma', 'SPV', 'driftVar']
435169.30765   0.14501   1.57018   0.00001   0.14476