# SCORE, ['threshold', 'gamma', 'SPV', 'driftVar']
433772.73761   0.14586   1.61861   0.00001   0.14626
 278.94623   0.00277   0.02896   0.00000   0.00256
