# SCORE, ['threshold', 'gamma', 'SPV', 'driftVar']
392889.16950   0.07708   0.15307   0.04339   0.13306