# SCORE, ['threshold', 'gamma', 'SPV', 'driftVar']
374775.90689   0.07400   0.46454   0.02988   0.01567
  24.10394   0.00036   0.01067   0.00042   0.00030
