# SCORE, ['threshold', 'gamma', 'SPV', 'driftVar']
391444.55104   0.03343   0.01367   0.01884   0.05583
  53.42083   0.00000   0.00033   0.00035   0.00103
