# SCORE, ['threshold', 'gamma', 'SPV', 'driftVar']
378203.30212   0.09583   0.22363   0.00138   0.00032