# SCORE, ['threshold', 'gamma', 'SPV', 'driftVar']
378060.22643   0.09587   0.22570   0.00139   0.00032
  32.74631   0.00038   0.00251   0.00003   0.00000
