# SCORE, ['threshold', 'gamma', 'SPV', 'driftVar']
374549.25118   0.07800   0.60100   0.03500   0.07900