# SCORE, ['threshold', 'gamma', 'SPV', 'driftVar']
374541.85761   0.07830   0.61573   0.03497   0.07897
  13.57936   0.00013   0.00846   0.00095   0.00198
